{
  "results": {
    "logistic": {
      "acc": 0.632,
      "f1_weighted": 0.6377748917748918
    },
    "randomforest": {
      "acc": 0.664,
      "f1_weighted": 0.6455798525798526
    },
    "naive_bayes": {
      "acc": 0.648,
      "f1_weighted": 0.5095922330097087
    }
  },
  "best_model": "randomforest"
}