{
  "results": {
    "logistic": {
      "accuracy": 0.5843373493975904,
      "f1_weighted": 0.5899198614293389,
      "cv_mean": 0.5616586219470158,
      "cv_std": 0.02720534363488813,
      "precision": [
        0.7910447761194029,
        0.4444444444444444
      ],
      "recall": [
        0.49074074074074076,
        0.7586206896551724
      ],
      "f1": [
        0.6057142857142858,
        0.5605095541401274
      ],
      "optimal_threshold": 0.41318433365072704,
      "standard_accuracy": 0.6506024096385542,
      "standard_f1": 0.5425564197086855
    },
    "randomforest": {
      "accuracy": 0.6506024096385542,
      "f1_weighted": 0.6506024096385542,
      "cv_mean": 0.6332530337583806,
      "cv_std": 0.024780767658184592,
      "precision": [
        0.9310344827586207,
        0.5
      ],
      "recall": [
        0.5,
        0.9310344827586207
      ],
      "f1": [
        0.6506024096385542,
        0.6506024096385542
      ],
      "optimal_threshold": 0.3373046109162458,
      "standard_accuracy": 0.6987951807228916,
      "standard_f1": 0.6568322068762857
    },
    "gradient_boosting": {
      "accuracy": 0.6445783132530121,
      "f1_weighted": 0.6463975479366917,
      "cv_mean": 0.6879881743137618,
      "cv_std": 0.03695405849610404,
      "precision": [
        0.9016393442622951,
        0.49523809523809526
      ],
      "recall": [
        0.5092592592592593,
        0.896551724137931
      ],
      "f1": [
        0.650887573964497,
        0.6380368098159509
      ],
      "optimal_threshold": 0.07661551517181683,
      "standard_accuracy": 0.7168674698795181,
      "standard_f1": 0.7070363958909364
    },
    "svm": {
      "accuracy": 0.6626506024096386,
      "f1_weighted": 0.6693728761198641,
      "cv_mean": 0.5364265472094496,
      "cv_std": 0.0159932777376272,
      "precision": [
        0.8513513513513513,
        0.5108695652173914
      ],
      "recall": [
        0.5833333333333334,
        0.8103448275862069
      ],
      "f1": [
        0.6923076923076923,
        0.6266666666666667
      ],
      "optimal_threshold": 0.33870742436405277,
      "standard_accuracy": 0.6566265060240963,
      "standard_f1": 0.5460183804788991
    },
    "naive_bayes": {
      "accuracy": 0.5903614457831325,
      "f1_weighted": 0.5888151910779004,
      "cv_mean": 0.5930489947371681,
      "cv_std": 0.038881779777108674,
      "precision": [
        0.8571428571428571,
        0.45454545454545453
      ],
      "recall": [
        0.4444444444444444,
        0.8620689655172413
      ],
      "f1": [
        0.5853658536585366,
        0.5952380952380952
      ],
      "optimal_threshold": 0.009673513734838156,
      "standard_accuracy": 0.6024096385542169,
      "standard_f1": 0.6065065884145482
    },
    "ensemble": {
      "accuracy": 0.6927710843373494,
      "f1_weighted": 0.6998829178120766,
      "cv_mean": 0.672975158622902,
      "cv_std": 0.03201240417436857,
      "precision": [
        0.8352941176470589,
        0.5432098765432098
      ],
      "recall": [
        0.6574074074074074,
        0.7586206896551724
      ],
      "f1": [
        0.7357512953367875,
        0.6330935251798561
      ],
      "optimal_threshold": 0.3131385571526865,
      "standard_accuracy": 0.7048192771084337,
      "standard_f1": 0.6825216915712519
    }
  },
  "best_model": "ensemble",
  "optimal_threshold": 0.3131385571526865,
  "dataset_info": {
    "total_samples": 830,
    "fake_samples": 540,
    "real_samples": 290,
    "class_balance": 0.6506024096385542
  }
}