{
  "results": {
    "logistic": {
      "accuracy": 0.5602409638554217,
      "f1_weighted": 0.5594270385843866,
      "cv_mean": 0.633283944135095,
      "cv_std": 0.05501932685915761,
      "precision": [
        0.8070175438596491,
        0.43119266055045874
      ],
      "recall": [
        0.42592592592592593,
        0.8103448275862069
      ],
      "f1": [
        0.5575757575757576,
        0.562874251497006
      ],
      "optimal_threshold": 0.4793246425607368,
      "standard_accuracy": 0.6325301204819277,
      "standard_f1": 0.6406684832958455
    },
    "randomforest": {
      "accuracy": 0.608433734939759,
      "f1_weighted": 0.6061736327092229,
      "cv_mean": 0.7066952712493064,
      "cv_std": 0.06451721738055204,
      "precision": [
        0.8909090909090909,
        0.46846846846846846
      ],
      "recall": [
        0.4537037037037037,
        0.896551724137931
      ],
      "f1": [
        0.6012269938650306,
        0.6153846153846154
      ],
      "optimal_threshold": 0.39407396075268586,
      "standard_accuracy": 0.6566265060240963,
      "standard_f1": 0.6606470226805226
    },
    "gradient_boosting": {
      "accuracy": 0.6746987951807228,
      "f1_weighted": 0.6815794317103903,
      "cv_mean": 0.6881376343816308,
      "cv_std": 0.0350390035971371,
      "precision": [
        0.8552631578947368,
        0.5222222222222223
      ],
      "recall": [
        0.6018518518518519,
        0.8103448275862069
      ],
      "f1": [
        0.7065217391304348,
        0.6351351351351351
      ],
      "optimal_threshold": 0.1296222660034253,
      "standard_accuracy": 0.7228915662650602,
      "standard_f1": 0.7141968684454417
    },
    "svm": {
      "accuracy": 0.572289156626506,
      "f1_weighted": 0.5594985924638416,
      "cv_mean": 0.5596187874585505,
      "cv_std": 0.03679603652442375,
      "precision": [
        0.9111111111111111,
        0.4462809917355372
      ],
      "recall": [
        0.37962962962962965,
        0.9310344827586207
      ],
      "f1": [
        0.5359477124183006,
        0.6033519553072626
      ],
      "optimal_threshold": 0.3279570299756245,
      "standard_accuracy": 0.536144578313253,
      "standard_f1": 0.5137833186025956
    },
    "naive_bayes": {
      "accuracy": 0.608433734939759,
      "f1_weighted": 0.6127185150242151,
      "cv_mean": 0.5930489947371681,
      "cv_std": 0.038881779777108674,
      "precision": [
        0.8307692307692308,
        0.46534653465346537
      ],
      "recall": [
        0.5,
        0.8103448275862069
      ],
      "f1": [
        0.6242774566473989,
        0.5911949685534591
      ],
      "optimal_threshold": 0.02410461436538684,
      "standard_accuracy": 0.6024096385542169,
      "standard_f1": 0.6065065884145482
    },
    "ensemble": {
      "accuracy": 0.6686746987951807,
      "f1_weighted": 0.675491491767488,
      "cv_mean": 0.6890661575147374,
      "cv_std": 0.03855499610221929,
      "precision": [
        0.8533333333333334,
        0.5164835164835165
      ],
      "recall": [
        0.5925925925925926,
        0.8103448275862069
      ],
      "f1": [
        0.6994535519125683,
        0.6308724832214765
      ],
      "optimal_threshold": 0.339447862442341,
      "standard_accuracy": 0.6927710843373494,
      "standard_f1": 0.677600765919707
    }
  },
  "best_model": "gradient_boosting",
  "optimal_threshold": 0.1296222660034253,
  "dataset_info": {
    "total_samples": 830,
    "fake_samples": 540,
    "real_samples": 290,
    "class_balance": 0.6506024096385542
  }
}