{
  "results": {
    "logistic": {
      "accuracy": 0.6445783132530121,
      "f1_weighted": 0.6526805706825054,
      "cv_mean": 0.633709169150029,
      "cv_std": 0.05142344758487787,
      "precision": [
        0.7816091954022989,
        0.4936708860759494
      ],
      "recall": [
        0.6296296296296297,
        0.6724137931034483
      ],
      "f1": [
        0.6974358974358974,
        0.5693430656934306
      ]
    },
    "randomforest": {
      "accuracy": 0.6626506024096386,
      "f1_weighted": 0.6661268022911317,
      "cv_mean": 0.6896150795642196,
      "cv_std": 0.06696575020498334,
      "precision": [
        0.7549019607843137,
        0.515625
      ],
      "recall": [
        0.7129629629629629,
        0.5689655172413793
      ],
      "f1": [
        0.7333333333333333,
        0.5409836065573771
      ]
    },
    "gradient_boosting": {
      "accuracy": 0.7228915662650602,
      "f1_weighted": 0.7102783547985044,
      "cv_mean": 0.6929074827479859,
      "cv_std": 0.037791821346498125,
      "precision": [
        0.75,
        0.6428571428571429
      ],
      "recall": [
        0.8611111111111112,
        0.46551724137931033
      ],
      "f1": [
        0.8017241379310345,
        0.54
      ]
    },
    "svm": {
      "accuracy": 0.536144578313253,
      "f1_weighted": 0.5137833186025956,
      "cv_mean": 0.5571102692066197,
      "cv_std": 0.038026383563357954,
      "precision": [
        0.8974358974358975,
        0.4251968503937008
      ],
      "recall": [
        0.32407407407407407,
        0.9310344827586207
      ],
      "f1": [
        0.47619047619047616,
        0.5837837837837838
      ]
    },
    "naive_bayes": {
      "accuracy": 0.6024096385542169,
      "f1_weighted": 0.6065065884145482,
      "cv_mean": 0.5930489947371681,
      "cv_std": 0.038881779777108674,
      "precision": [
        0.7058823529411765,
        0.4375
      ],
      "recall": [
        0.6666666666666666,
        0.4827586206896552
      ],
      "f1": [
        0.6857142857142857,
        0.45901639344262296
      ]
    },
    "ensemble": {
      "accuracy": 0.7228915662650602,
      "f1_weighted": 0.7081008492368217,
      "cv_mean": 0.6936917977607605,
      "cv_std": 0.02822940530912817,
      "precision": [
        0.746031746031746,
        0.65
      ],
      "recall": [
        0.8703703703703703,
        0.4482758620689655
      ],
      "f1": [
        0.8034188034188035,
        0.5306122448979592
      ]
    }
  },
  "best_model": "gradient_boosting",
  "dataset_info": {
    "total_samples": 830,
    "fake_samples": 540,
    "real_samples": 290,
    "class_balance": 0.6506024096385542
  }
}