{
  "results": {
    "logistic": {
      "accuracy": 0.5963855421686747,
      "f1_weighted": 0.6026968453365128,
      "cv_mean": 0.6047005907299244,
      "cv_std": 0.008063644848251342,
      "precision": [
        0.7971014492753623,
        0.4536082474226804
      ],
      "recall": [
        0.5092592592592593,
        0.7586206896551724
      ],
      "f1": [
        0.6214689265536724,
        0.567741935483871
      ],
      "optimal_threshold": 0.4296519547151556,
      "standard_accuracy": 0.6325301204819277,
      "standard_f1": 0.547756835988929
    },
    "randomforest": {
      "accuracy": 0.6024096385542169,
      "f1_weighted": 0.5937210379981464,
      "cv_mean": 0.6684418959162335,
      "cv_std": 0.019109617108968812,
      "precision": [
        0.9375,
        0.4661016949152542
      ],
      "recall": [
        0.4166666666666667,
        0.9482758620689655
      ],
      "f1": [
        0.5769230769230769,
        0.625
      ],
      "optimal_threshold": 0.3335385667110481,
      "standard_accuracy": 0.6987951807228916,
      "standard_f1": 0.6801825947859234
    },
    "gradient_boosting": {
      "accuracy": 0.6566265060240963,
      "f1_weighted": 0.6594327621043179,
      "cv_mean": 0.7033089296359399,
      "cv_std": 0.036882541357523474,
      "precision": [
        0.9047619047619048,
        0.5048543689320388
      ],
      "recall": [
        0.5277777777777778,
        0.896551724137931
      ],
      "f1": [
        0.6666666666666666,
        0.6459627329192547
      ],
      "optimal_threshold": 0.09332446278753882,
      "standard_accuracy": 0.7289156626506024,
      "standard_f1": 0.7175870771242356
    },
    "svm": {
      "accuracy": 0.5662650602409639,
      "f1_weighted": 0.5544928876457237,
      "cv_mean": 0.5727556401257805,
      "cv_std": 0.05684321340362703,
      "precision": [
        0.8913043478260869,
        0.44166666666666665
      ],
      "recall": [
        0.37962962962962965,
        0.9137931034482759
      ],
      "f1": [
        0.5324675324675324,
        0.5955056179775281
      ],
      "optimal_threshold": 0.34854381552823677,
      "standard_accuracy": 0.5662650602409639,
      "standard_f1": 0.5704258896049315
    },
    "naive_bayes": {
      "accuracy": 0.5903614457831325,
      "f1_weighted": 0.5888151910779004,
      "cv_mean": 0.5930489947371681,
      "cv_std": 0.038881779777108674,
      "precision": [
        0.8571428571428571,
        0.45454545454545453
      ],
      "recall": [
        0.4444444444444444,
        0.8620689655172413
      ],
      "f1": [
        0.5853658536585366,
        0.5952380952380952
      ],
      "optimal_threshold": 0.0096458921297439,
      "standard_accuracy": 0.6024096385542169,
      "standard_f1": 0.6065065884145482
    },
    "ensemble": {
      "accuracy": 0.6686746987951807,
      "f1_weighted": 0.6738556193060926,
      "cv_mean": 0.6824953826794218,
      "cv_std": 0.03835175373897522,
      "precision": [
        0.8840579710144928,
        0.5154639175257731
      ],
      "recall": [
        0.5648148148148148,
        0.8620689655172413
      ],
      "f1": [
        0.6892655367231638,
        0.6451612903225806
      ],
      "optimal_threshold": 0.29607290574493195,
      "standard_accuracy": 0.7289156626506024,
      "standard_f1": 0.7084382881776804
    }
  },
  "best_model": "ensemble",
  "optimal_threshold": 0.29607290574493195,
  "dataset_info": {
    "total_samples": 830,
    "fake_samples": 540,
    "real_samples": 290,
    "class_balance": 0.6506024096385542
  }
}